南京,一等站
南京南,特等站
山海关,特等站
白城,一等站
日照,一等站
宁波,一等站
成都东,特等站
乌鲁木齐南,一等站
大庆,一等站
大庆西,一等站
沈阳北,一等站
萍乡,一等站
喀什,一等站
库尔勒,一等站
奎屯,一等站
乌西,一等站
齐齐哈尔南,一等站
加格达奇,一等站
台州,一等站
温州南,一等站
南昌西,特等站
深圳,一等站
哈尔滨北,一等站
哈尔滨西,特等站
贵安,特等站
银川,一等站
烟台,一等站
荣成,一等站
哈尔滨东,一等站
广州,特等站
重庆,一等站
重庆北,特等站
天水,一等站
武威南,一等站
惠农,一等站
长春,特等站
临汾,一等站
运城,一等站
新乡东,一等站
宝鸡,一等站
宝鸡南,一等站
金华,一等站
义乌,一等站
衢州,一等站
北京南,特等站
合肥南,特等站
安庆,一等站
合肥,一等站
绵阳,一等站
广元南,一等站
巢湖东,一等站
通辽,一等站
天津西,特等站
阜阳,一等站
达州,一等站
内江,一等站
内江北,一等站
天津,特等站
海口东,一等站
六盘水,一等站
太原南,一等站
呼和浩特,一等站
潮汕,一等站
惠州南,一等站
汕尾,一等站
韶关,一等站
韶关东,一等站
珠海,一等站
湛江,一等站
德州,一等站
宜昌东,一等站
昆明,特等站
介休,一等站
太原东,一等站
榆次,一等站
原平,一等站
二连,一等站
信阳东,一等站
麻城,一等站
十堰,一等站
厦门,一等站
厦门北,一等站
长沙,一等站
大理,一等站
拉萨,一等站
西宁,一等站
龙洞堡,一等站
牡丹江,特等站
承德,一等站
唐山,一等站
驻马店,一等站
上海南,特等站
赣州,一等站
岳阳,一等站
岳阳东,一等站
乐山,一等站
铜仁南,一等站
凯里南,一等站
永川东,一等站
